timestamp,emotion
2026-09-17 14:50:09,fear
2026-09-17 14:50:09,surprise
2026-09-17 14:50:10,neutral
2026-09-17 14:50:10,neutral
2026-09-17 14:50:11,happy
2026-09-17 14:50:11,happy
2026-09-17 14:50:12,happy
2026-09-17 14:50:12,neutral
2026-09-17 14:50:13,neutral
2026-09-17 14:50:13,neutral
2026-09-17 14:50:14,angry
2026-09-17 14:50:14,angry
2026-09-17 14:50:15,neutral
2026-09-17 14:50:15,neutral
2026-09-17 14:50:16,neutral
2026-09-17 14:50:16,happy
2026-09-17 14:50:17,surprise
2026-09-17 14:50:17,fear
2026-09-17 14:50:18,fear
2026-09-17 14:50:18,neutral
2026-09-17 14:50:19,fear
2026-09-17 14:50:19,fear
2026-09-17 14:50:20,surprise
2026-09-17 14:50:20,surprise
2026-09-17 14:50:21,surprise
2026-09-17 14:50:21,fear
2026-09-17 14:50:22,fear
2026-09-17 14:50:22,happy
2026-09-17 14:50:23,sad
2026-09-17 14:50:23,happy
2026-09-17 14:50:24,fear
2026-09-17 14:50:24,neutral
2026-09-17 14:50:25,neutral
2026-09-17 14:50:25,neutral
2026-09-17 14:50:26,neutral
2026-09-17 14:50:26,neutral
2026-09-17 14:50:27,neutral
2026-09-17 14:50:27,fear
2026-09-17 14:50:28,neutral
2026-09-17 14:50:28,happy
2026-09-17 14:50:29,happy
2026-09-17 14:50:29,happy
2026-09-17 14:50:30,happy
2026-09-17 14:50:30,happy
2026-09-17 14:50:31,neutral
2026-09-17 14:50:31,neutral
2026-09-17 14:50:32,fear
2026-09-17 14:50:32,fear
2026-09-17 14:50:33,fear
2026-09-17 14:50:33,fear
2026-09-17 14:50:34,neutral
2026-09-17 14:50:34,happy
2026-09-17 14:50:35,fear
2026-09-17 14:50:35,sad
2026-09-17 14:50:36,neutral
2026-09-17 14:50:36,angry
2026-09-17 14:50:37,happy
2026-09-17 14:50:37,angry
2026-09-17 14:50:37,angry
2026-09-17 14:50:38,neutral
2026-09-17 14:50:38,happy
2026-09-17 14:50:39,neutral
2026-09-17 14:50:39,neutral
2026-09-17 14:50:40,neutral
2026-09-17 14:50:40,neutral
2026-09-17 14:50:41,neutral
2026-09-17 14:50:41,happy
2026-09-17 14:50:42,neutral
2026-09-17 14:50:42,neutral
2026-09-17 14:50:43,neutral
2026-09-17 14:50:43,neutral
2026-09-17 14:50:44,neutral
2026-09-17 14:50:44,neutral
2026-09-17 14:50:45,neutral
2026-09-17 14:50:45,neutral
2026-09-17 14:50:46,happy
2026-09-17 14:50:46,neutral
2026-09-17 14:50:47,neutral
2026-09-17 14:50:47,fear
2026-09-17 14:50:47,neutral
2026-09-17 14:50:48,neutral
2026-09-17 14:50:49,surprise
2026-09-17 14:50:49,surprise
2026-09-17 14:50:50,neutral
2026-09-17 14:50:50,fear
2026-09-17 14:50:51,neutral
2026-09-17 16:17:59,neutral
2026-09-17 16:18:00,neutral
2026-09-17 16:18:00,fear
2026-09-17 16:18:01,neutral
2026-09-17 16:18:02,fear
2026-09-17 16:18:02,fear
2026-09-17 16:18:03,happy
2026-09-17 16:18:03,neutral
2026-09-17 16:18:04,happy
2026-09-17 16:18:04,happy
2026-09-17 16:18:05,fear
2026-09-17 16:18:06,fear
2026-09-17 16:18:06,neutral
2026-09-17 16:18:07,happy
2026-09-17 16:18:08,happy
2026-09-17 16:18:08,happy
2026-09-17 16:18:09,fear
2026-09-17 16:18:10,fear
2026-09-17 16:18:10,fear
2026-09-17 16:18:11,neutral
2026-09-17 16:18:11,neutral
2026-09-17 16:18:12,neutral
2026-09-17 16:18:13,happy
2026-09-17 16:18:13,happy
2026-09-17 16:18:14,happy
2026-09-17 16:18:14,happy
2026-09-17 16:18:15,sad
2026-09-17 16:18:15,happy
2026-09-17 16:18:16,neutral
2026-09-17 16:18:17,neutral
2026-09-17 16:18:17,neutral
2026-09-17 16:18:18,neutral
2026-09-17 16:18:18,neutral
2026-09-17 16:18:19,happy
2026-09-17 16:18:20,happy
2026-09-17 16:18:20,happy
2026-09-17 16:18:21,neutral
2026-09-17 16:18:21,neutral
2026-09-17 16:18:22,happy
2026-09-17 16:18:22,happy
2026-09-17 16:18:23,happy
2026-09-17 16:18:23,sad
2026-09-17 16:18:24,happy
2026-09-17 16:18:25,neutral
2026-09-17 16:18:25,happy
2026-09-17 16:18:26,surprise
2026-09-17 16:18:26,happy
2026-09-17 16:18:27,happy
2026-09-17 16:18:27,happy
2026-09-17 16:18:28,happy
2026-09-17 16:18:29,happy
2026-09-17 16:18:29,happy
2026-09-17 16:18:30,happy
2026-09-17 16:18:30,happy
2026-09-17 16:18:31,happy
2026-09-17 16:18:31,neutral
2026-09-17 16:18:32,neutral
2026-09-17 16:18:33,fear
2026-09-17 16:18:33,fear
2026-09-17 16:18:34,neutral
2026-09-17 16:18:34,neutral
2026-09-17 16:18:35,neutral
2026-09-17 16:18:35,neutral
2026-09-17 16:18:36,fear
2026-09-17 16:18:36,fear
2026-09-17 16:18:37,neutral
2026-09-17 16:18:38,happy
2026-09-17 16:18:38,fear
2026-09-17 16:18:39,fear
2026-09-17 16:18:39,fear
2026-09-17 16:18:40,neutral
2026-09-17 16:18:41,neutral
2026-09-17 16:18:41,neutral
2026-09-17 16:18:42,neutral
2026-09-17 16:18:42,neutral
2026-09-17 16:18:43,neutral
2026-09-17 16:18:43,neutral
2026-09-17 16:18:44,neutral
2026-09-17 16:18:44,neutral
2026-09-17 16:18:45,neutral
2026-09-17 16:18:45,neutral
2026-09-17 16:18:46,sad
2026-09-17 16:18:47,happy
2026-09-17 16:18:47,sad
2026-09-17 16:18:48,neutral
2026-09-17 16:18:49,sad
2026-09-17 16:18:49,neutral
2026-09-17 16:18:50,sad
2026-09-17 16:18:50,sad
2026-09-17 16:18:52,happy
2026-09-17 16:18:52,sad
2026-09-17 16:18:53,sad
2026-09-17 16:18:54,neutral
2026-09-17 16:18:54,neutral
2026-09-17 16:18:55,surprise
2026-09-17 16:18:55,fear
2026-09-17 16:18:56,sad
2026-09-17 16:18:57,fear
2026-09-17 16:18:57,neutral
2026-09-17 16:18:58,fear
2026-09-17 16:18:59,angry
2026-09-17 16:18:59,angry
2026-09-17 16:19:00,sad
2026-09-17 16:19:01,happy
2026-09-17 16:19:01,neutral
2026-09-17 16:19:02,neutral
2026-09-17 16:19:03,angry
2026-09-17 16:19:03,neutral
2026-09-17 16:19:04,happy
2026-09-17 16:19:04,happy
2026-09-17 16:19:05,surprise
2026-09-17 16:19:06,happy
2026-09-17 16:19:06,happy
2026-09-17 16:19:07,happy
2026-09-17 16:19:07,happy
2026-09-17 16:19:08,neutral
2026-09-17 16:19:08,happy
2026-09-17 16:19:09,happy
2026-09-17 16:19:09,sad
2026-09-17 16:19:10,neutral
2026-09-17 16:19:10,sad
2026-09-17 16:19:11,neutral
2026-09-17 16:19:12,neutral
2026-09-17 16:19:12,neutral
2026-09-17 16:19:13,happy
2026-09-17 16:19:13,surprise
2026-09-17 16:19:14,sad
2026-09-17 16:19:14,neutral
2026-09-17 16:19:15,neutral
2026-09-17 16:19:15,neutral
2026-09-17 16:19:16,neutral
2026-09-17 16:19:16,neutral
2026-09-17 16:19:17,sad
2026-09-17 16:19:18,happy
2026-09-17 16:19:18,happy
2026-09-17 16:19:19,happy
2026-09-17 16:19:20,happy
2026-09-17 16:19:20,neutral
2026-09-17 16:19:21,neutral
2026-09-17 16:19:21,sad
2026-09-17 16:19:22,neutral
2026-09-17 16:19:22,fear
2026-09-17 16:19:23,happy
2026-09-17 16:19:23,happy
2026-09-17 16:19:24,happy
2026-09-17 16:19:24,happy
2026-09-17 16:19:25,neutral
2026-09-17 16:19:25,neutral
2026-09-17 16:19:26,neutral
2026-09-17 16:19:26,neutral
2026-09-17 16:19:27,neutral
2026-09-17 16:19:27,neutral
2026-09-17 16:19:28,neutral
2026-09-17 16:19:28,surprise
2026-09-17 16:19:29,neutral
2026-09-17 16:19:30,neutral
2026-09-17 16:19:30,neutral
2026-09-17 16:19:31,neutral
2026-09-17 16:19:31,angry
2026-09-17 16:19:32,neutral
2026-09-17 16:19:32,neutral
2026-09-17 16:19:33,neutral
2026-09-17 16:19:33,neutral
2026-09-17 16:19:34,neutral
2026-09-17 16:19:35,neutral
2026-09-17 16:19:35,neutral
2026-09-17 16:19:36,neutral
2026-09-17 16:19:37,neutral
2026-09-17 16:19:38,neutral
2026-09-17 16:19:38,neutral
2026-09-17 16:19:39,neutral
2026-09-17 16:19:40,neutral
2026-09-17 16:19:40,neutral
2026-09-17 16:19:41,fear
2026-09-17 16:19:42,fear
2026-09-17 16:19:42,surprise
2026-09-17 16:19:43,surprise
2026-09-17 16:19:44,fear
2026-09-17 16:19:45,surprise
2026-09-17 16:19:45,fear
2026-09-17 16:19:46,surprise
2026-09-17 16:19:47,surprise
2026-09-17 16:19:48,fear
2026-09-17 16:19:48,surprise
2026-09-17 16:19:49,surprise
2026-09-17 16:19:50,fear
2026-09-17 16:19:51,fear
2026-09-17 16:19:51,sad
2026-09-17 16:19:52,fear
2026-09-17 16:19:53,fear
2026-09-17 16:19:53,fear
2026-09-17 16:19:54,surprise
2026-09-17 16:19:55,angry
2026-09-17 16:19:55,sad
2026-09-17 16:19:56,fear
2026-09-17 16:25:11,fear
2026-09-17 16:25:11,neutral
2026-09-17 16:25:12,fear
2026-09-17 16:25:12,fear
2026-09-17 16:25:13,neutral
2026-09-17 16:25:14,fear
2026-09-17 16:25:14,surprise
2026-09-17 16:25:15,neutral
2026-09-17 16:25:15,happy
2026-09-17 16:25:16,happy
2026-09-17 16:25:16,happy
2026-09-17 16:25:17,happy
2026-09-17 16:25:17,happy
2026-09-17 16:25:18,sad
2026-09-17 16:25:18,fear
2026-09-17 16:25:19,fear
2026-09-17 16:25:20,fear
2026-09-17 16:25:20,fear
2026-09-17 16:25:21,surprise
2026-09-17 16:25:21,surprise
2026-09-17 16:25:22,fear
2026-09-17 16:25:22,fear
2026-09-17 16:25:23,fear
2026-09-17 16:25:23,fear
2026-09-17 16:25:24,fear
2026-09-17 16:25:24,fear
2026-09-17 16:25:25,fear
2026-09-17 16:25:25,sad
2026-09-17 16:25:26,surprise
2026-09-17 16:25:26,fear
2026-09-17 16:25:27,neutral
2026-09-17 16:25:27,happy
2026-09-17 16:25:28,neutral
2026-09-17 16:25:28,fear
2026-09-17 16:25:29,fear
2026-09-17 16:25:29,fear
2026-09-17 16:25:30,surprise
2026-09-17 16:25:30,fear
2026-09-17 16:25:31,sad
2026-09-17 16:25:31,fear
2026-09-17 16:25:32,fear
2026-09-17 16:25:32,fear
2026-09-17 16:25:33,fear
2026-09-17 16:25:33,fear
2026-09-17 16:25:34,neutral
2026-09-17 16:25:34,fear
2026-09-17 16:25:35,fear
2026-09-17 16:25:36,fear
2026-09-17 16:25:36,fear
2026-09-17 16:25:37,neutral
2026-09-17 16:25:37,neutral
2026-09-17 16:25:38,fear
2026-09-17 16:25:38,surprise
2026-09-17 16:25:39,surprise
2026-09-17 16:25:39,fear
2026-09-17 16:25:40,surprise
2026-09-17 16:25:40,surprise
2026-09-17 16:25:41,surprise
2026-09-17 16:25:41,surprise
2026-09-17 16:25:42,surprise
2026-09-17 16:25:42,surprise
2026-09-17 16:25:43,surprise
2026-09-17 16:25:44,surprise
2026-09-17 16:25:44,fear
2026-09-17 16:25:45,fear
2026-09-17 16:25:45,surprise
2026-09-17 16:25:46,neutral
2026-09-17 16:25:46,neutral
2026-09-17 16:25:47,neutral
2026-09-17 16:25:47,fear
2026-09-17 16:25:48,fear
2026-09-17 16:32:26,neutral
2026-09-17 16:32:26,neutral
2026-09-17 16:32:27,fear
2026-09-17 16:32:27,fear
2026-09-17 16:32:28,fear
2026-09-17 16:32:29,sad
2026-09-17 16:32:29,fear
2026-09-17 16:32:30,fear
2026-09-17 16:32:31,happy
2026-09-17 16:32:31,fear
2026-09-17 16:32:32,fear
2026-09-17 16:32:33,fear
2026-09-17 16:32:33,fear
2026-09-17 16:32:34,fear
2026-09-17 16:32:35,sad
2026-09-17 16:32:35,neutral
2026-09-17 16:32:36,sad
2026-09-17 16:32:36,sad
2026-09-17 16:32:37,surprise
2026-09-17 16:32:38,sad
2026-09-17 16:32:38,fear
2026-09-17 16:32:39,fear
2026-09-17 16:32:40,neutral
2026-09-17 16:32:40,fear
2026-09-17 16:32:41,happy
2026-09-17 16:32:42,happy
2026-09-17 16:32:42,happy
2026-09-17 16:32:43,happy
2026-09-17 16:32:44,happy
2026-09-17 16:32:44,fear
2026-09-17 16:32:45,happy
2026-09-17 16:32:46,neutral
2026-09-17 16:32:46,neutral
2026-09-17 16:32:47,neutral
2026-09-17 16:32:48,neutral
2026-09-17 16:32:48,neutral
2026-09-17 16:32:49,neutral
2026-09-17 16:32:49,neutral
2026-09-17 16:32:50,fear
2026-09-17 16:32:51,neutral
2026-09-17 16:32:51,neutral
2026-09-17 16:32:52,happy
2026-09-17 16:32:53,fear
2026-09-17 16:32:53,neutral
2026-09-17 16:32:54,fear
2026-09-17 16:32:55,surprise
2026-09-17 16:32:55,sad
2026-09-17 16:32:56,neutral
2026-09-17 16:32:56,sad
2026-09-17 16:32:57,happy
2026-09-17 16:32:58,happy
2026-09-17 16:32:58,happy
2026-09-17 16:32:59,happy
2026-09-17 16:33:00,happy
2026-09-17 16:33:00,fear
2026-09-17 16:33:01,fear
2026-09-17 16:33:02,fear
2026-09-17 16:33:02,happy
2026-09-17 16:33:03,happy
2026-09-17 16:33:04,happy
2026-09-17 16:33:04,happy
2026-09-17 16:33:05,happy
2026-09-17 16:33:06,happy
2026-09-17 16:33:06,neutral
2026-09-17 16:33:07,happy
2026-09-17 16:33:08,neutral
2026-09-17 16:33:08,neutral
2026-09-17 16:33:09,happy
2026-09-17 16:33:09,neutral
2026-09-17 16:33:10,neutral
2026-09-17 16:33:11,fear
2026-09-17 16:33:11,neutral
2026-09-17 16:33:12,neutral
2026-09-17 16:33:13,fear
2026-09-17 16:33:13,happy
2026-09-17 16:33:14,surprise
2026-09-17 16:33:15,fear
2026-09-17 16:33:15,neutral
2026-09-17 16:33:16,neutral
2026-09-17 16:33:17,neutral
2026-09-17 16:33:17,neutral
2026-09-17 16:33:18,happy
2026-09-17 16:33:19,neutral
2026-09-17 16:33:19,neutral
2026-09-17 16:33:20,happy
2026-09-17 16:33:21,neutral
2026-09-17 16:33:21,neutral
2026-09-17 16:33:22,neutral
2026-09-17 16:33:22,happy
2026-09-17 16:33:23,neutral
2026-09-17 16:33:23,sad
2026-09-17 16:33:24,fear
2026-09-17 16:33:25,surprise
2026-09-17 16:33:25,surprise
2026-09-17 16:33:26,sad
2026-09-17 16:33:26,happy
2026-09-17 16:33:27,happy
2026-09-17 16:33:28,fear
2026-09-17 16:33:28,fear
2026-09-17 16:33:29,sad
2026-09-17 16:33:30,happy
2026-09-17 16:33:30,happy
2026-09-17 16:33:31,happy
2026-09-17 16:33:32,fear
2026-09-17 16:33:32,neutral
2026-09-17 16:33:33,happy
2026-09-17 16:33:33,happy
2026-09-17 16:33:34,happy
2026-09-17 16:33:35,happy
2026-09-17 16:33:35,happy
2026-09-17 16:33:36,happy
2026-09-17 16:33:37,happy
2026-09-17 16:33:37,happy
2026-09-17 16:33:38,fear
2026-09-17 16:33:39,fear
2026-09-17 16:33:39,surprise
2026-09-17 16:33:40,neutral
2026-09-17 16:33:41,neutral
2026-09-17 16:33:41,fear
2026-09-17 16:33:42,fear
2026-09-17 16:33:43,neutral
2026-09-17 16:33:43,neutral
2026-09-17 16:33:44,neutral
2026-09-17 16:33:45,happy
2026-09-17 16:33:45,neutral
2026-09-17 16:33:46,surprise
2026-09-17 16:33:47,neutral
2026-09-17 16:33:47,neutral
2026-09-17 16:33:48,surprise
2026-09-17 16:33:49,surprise
2026-09-17 16:33:49,neutral
2026-09-17 16:33:50,surprise
2026-09-17 16:33:50,surprise
2026-09-17 16:33:51,fear
2026-09-17 16:33:52,neutral
2026-09-17 16:33:52,neutral
2026-09-17 16:33:53,surprise
2026-09-17 16:33:54,surprise
2026-09-17 16:33:54,fear
2026-09-17 16:33:55,fear
2026-09-17 16:33:56,fear
2026-09-17 16:33:56,happy
2026-09-17 16:33:57,surprise
2026-09-17 16:33:58,fear
2026-09-17 16:33:58,fear
2026-09-17 16:33:59,neutral
2026-09-17 16:34:00,neutral
2026-09-17 16:34:00,angry
2026-09-17 16:34:01,fear
2026-09-17 16:34:01,fear
2026-09-17 16:34:02,fear
2026-09-17 16:34:03,fear
2026-09-17 16:34:03,fear
2026-09-17 16:34:04,fear
2026-09-17 16:34:04,fear
2026-09-17 16:34:05,fear
2026-09-17 16:34:06,fear
2026-09-17 16:34:06,fear
2026-09-17 16:34:07,fear
2026-09-17 16:34:08,happy
2026-09-17 16:34:08,happy
2026-09-17 16:34:09,happy
2026-09-17 16:34:10,happy
2026-09-17 16:34:10,sad
2026-09-17 16:34:11,happy
2026-09-17 16:34:11,happy
2026-09-17 16:34:12,fear
2026-09-17 16:34:13,fear
2026-09-17 16:34:14,fear
2026-09-17 16:34:14,fear
2026-09-17 16:34:15,surprise
2026-09-17 16:34:15,fear
2026-09-17 16:34:16,fear
2026-09-17 16:34:17,fear
2026-09-17 16:34:17,sad
2026-09-17 16:34:18,fear
2026-09-17 16:34:19,angry
2026-09-17 16:34:19,happy
2026-09-17 16:34:19,happy
2026-09-17 16:34:20,happy
2026-09-17 16:34:21,happy
2026-09-17 16:34:21,happy
2026-09-17 16:34:22,neutral
2026-09-17 16:34:22,happy
2026-09-17 16:34:23,happy
2026-09-17 16:34:24,happy
2026-09-17 16:34:24,fear
2026-09-17 16:40:24,fear
2026-09-17 16:40:25,fear
2026-09-17 16:40:26,happy
2026-09-17 16:40:27,happy
2026-09-17 16:40:27,happy
2026-09-17 16:40:28,neutral
2026-09-17 16:40:29,fear
2026-09-17 16:40:29,angry
2026-09-17 16:40:30,neutral
2026-09-17 16:40:31,happy
2026-09-17 16:40:31,happy
2026-09-17 16:40:32,happy
2026-09-17 16:40:33,happy
2026-09-17 16:40:34,happy
2026-09-17 16:40:34,angry
2026-09-17 16:40:35,neutral
2026-09-17 16:40:36,neutral
2026-09-17 16:40:36,neutral
2026-09-17 16:40:37,neutral
2026-09-17 16:40:38,neutral
2026-09-17 16:40:39,neutral
2026-09-17 16:40:39,neutral
2026-09-17 16:40:40,neutral
2026-09-17 16:40:41,neutral
2026-09-17 16:40:41,neutral
2026-09-17 16:40:42,angry
2026-09-17 16:40:43,neutral
2026-09-17 16:40:44,fear
2026-09-17 16:40:44,neutral
2026-09-17 16:40:45,neutral
2026-09-17 16:40:46,fear
2026-09-17 16:40:46,fear
2026-09-17 16:40:47,neutral
2026-09-17 16:40:48,happy
2026-09-17 16:40:49,neutral
2026-09-17 16:40:49,neutral
2026-09-17 16:40:50,surprise
2026-09-17 16:40:51,neutral
2026-09-17 16:40:51,neutral
2026-09-17 16:40:52,neutral
2026-09-17 16:40:53,neutral
2026-09-17 16:40:54,sad
2026-09-17 16:40:54,fear
2026-09-17 16:40:55,neutral
2026-09-17 16:40:56,neutral
2026-09-17 16:40:56,sad
2026-09-17 16:40:57,neutral
2026-09-17 16:40:58,neutral
2026-09-17 16:40:59,neutral
2026-09-17 16:40:59,neutral
2026-09-17 16:41:00,neutral
2026-09-17 16:41:01,neutral
2026-09-17 16:41:01,neutral
2026-09-17 16:41:02,happy
2026-09-17 16:41:03,sad
2026-09-17 16:41:03,neutral
2026-09-17 16:41:04,fear
2026-09-17 16:41:05,neutral
2026-09-17 16:41:05,neutral
2026-09-17 16:41:06,fear
2026-09-17 16:41:07,fear
2026-09-17 16:41:08,fear
2026-09-17 16:41:08,fear
2026-09-17 16:41:09,fear
2026-09-17 16:41:10,happy
2026-09-17 16:41:10,angry
2026-09-17 16:41:11,neutral
2026-09-17 16:41:12,neutral
2026-09-17 16:41:13,neutral
2026-09-17 16:41:13,neutral
2026-09-17 16:41:14,fear
2026-09-17 16:41:15,neutral
2026-09-17 16:41:15,surprise
2026-09-17 16:41:16,surprise
2026-09-17 16:41:17,neutral
2026-09-17 16:41:17,happy
2026-09-17 16:41:18,neutral
2026-09-17 16:41:19,neutral
2026-09-17 16:41:20,sad
2026-09-17 16:41:20,neutral
2026-09-17 16:41:21,happy
2026-09-17 16:41:22,happy
2026-09-17 16:41:22,fear
2026-09-17 16:41:23,fear
2026-09-17 16:41:24,fear
2026-09-17 16:41:24,happy
2026-09-17 16:41:25,fear
2026-09-17 16:41:26,fear
2026-09-17 16:41:26,surprise
2026-09-17 16:41:27,neutral
2026-09-17 16:41:28,sad
2026-09-17 16:41:28,surprise
2026-09-17 16:41:29,happy
2026-09-17 16:41:30,fear
2026-09-17 16:41:31,neutral
2026-09-17 16:41:31,happy
2026-09-17 16:41:32,neutral
2026-09-17 16:41:33,happy
2026-09-17 16:41:33,fear
2026-09-17 16:41:34,fear
2026-09-17 16:41:35,fear
2026-09-17 16:41:35,fear
2026-09-17 16:41:36,neutral
2026-09-17 16:41:37,neutral
2026-09-17 16:41:37,fear
2026-09-17 16:41:38,fear
2026-09-17 16:41:39,fear
2026-09-17 16:41:40,fear
2026-09-17 16:41:40,fear
2026-09-17 16:41:41,surprise
2026-09-17 16:41:42,fear
2026-09-17 16:41:42,fear
2026-09-17 16:41:43,fear
2026-09-17 16:41:44,surprise
2026-09-17 16:41:45,fear
2026-09-17 16:41:45,fear
2026-09-17 16:41:46,fear
2026-09-17 16:41:47,fear
2026-09-17 16:41:47,fear
2026-09-17 16:41:48,neutral
2026-09-17 16:41:49,happy
2026-09-17 16:41:50,fear
2026-09-17 16:41:50,surprise
2026-09-17 16:41:51,neutral
2026-09-17 16:41:52,surprise
2026-09-17 16:41:52,surprise
2026-09-17 16:41:53,fear
2026-09-17 16:41:54,surprise
2026-09-17 16:41:54,neutral
2026-09-17 16:41:55,neutral
2026-09-17 16:41:56,neutral
2026-09-17 16:41:57,fear
2026-09-17 16:41:57,fear
2026-09-17 16:41:58,fear
2026-09-17 16:41:59,fear
2026-09-17 16:41:59,happy
2026-09-17 16:42:00,fear
2026-09-17 16:42:01,surprise
2026-09-17 16:42:01,surprise
2026-09-17 16:42:02,surprise
2026-09-17 16:42:03,happy
2026-09-17 16:42:03,happy
2026-09-17 16:42:04,happy
2026-09-17 16:42:05,fear
2026-09-17 16:42:06,fear
2026-09-17 16:42:06,surprise
2026-09-17 16:42:07,surprise
2026-09-17 16:42:08,neutral
2026-09-17 16:42:08,neutral
2026-09-17 16:42:09,fear
2026-09-17 16:42:10,happy
2026-09-17 16:42:10,happy
2026-09-17 16:42:11,neutral
2026-09-17 16:42:12,happy
2026-09-17 16:42:12,neutral
2026-09-17 16:42:13,happy
2026-09-17 16:42:14,happy
2026-09-17 16:42:14,happy
2026-09-17 16:42:15,happy
2026-09-17 16:42:16,fear
2026-09-17 16:42:16,fear
2026-09-17 16:42:17,surprise
2026-09-17 16:42:18,surprise
2026-09-17 16:42:18,fear
2026-09-17 16:42:19,fear
2026-09-17 16:42:20,happy
2026-09-17 16:42:20,angry
2026-09-17 16:42:21,neutral
2026-09-17 16:42:22,angry
2026-09-17 16:42:23,neutral
2026-09-17 16:42:23,neutral
2026-09-17 16:42:24,neutral
2026-09-17 16:42:24,neutral
2026-09-17 16:42:25,neutral
2026-09-17 16:42:26,neutral
2026-09-17 16:42:26,neutral
2026-09-17 16:42:27,fear
2026-09-17 16:42:28,happy
2026-09-17 16:42:28,fear
2026-09-17 16:42:29,fear
2026-09-17 16:42:30,fear
2026-09-17 16:42:30,fear
2026-09-17 16:42:31,happy
2026-09-17 16:42:32,fear
2026-09-17 16:42:32,fear
2026-09-17 16:42:33,fear
2026-09-17 16:42:34,fear
2026-09-17 16:42:35,fear
2026-09-17 16:42:35,fear
2026-09-17 16:42:36,neutral
2026-09-17 16:42:37,happy
2026-09-17 16:42:37,angry
2026-09-17 16:42:38,neutral
2026-09-17 16:42:39,surprise
2026-09-17 16:42:40,neutral
2026-09-17 16:42:40,neutral
2026-09-17 16:42:41,happy
2026-09-17 16:42:41,fear
2026-09-17 16:42:41,neutral
2026-09-17 16:42:42,sad
2026-09-17 16:42:43,angry
2026-09-17 16:42:43,happy
2026-09-17 16:42:44,neutral
2026-09-17 16:42:45,happy
2026-09-17 16:42:46,happy
2026-09-17 16:42:46,happy
2026-09-17 16:42:47,fear
2026-09-17 16:42:48,happy
2026-09-17 16:42:48,fear
2026-09-17 16:42:49,surprise
2026-09-17 16:42:50,neutral
2026-09-17 16:42:50,neutral
2026-09-17 16:42:51,neutral
2026-09-17 16:42:52,neutral
2026-09-17 16:42:53,happy
2026-09-17 16:42:53,happy
2026-09-17 16:42:54,happy
2026-09-17 16:42:54,happy
2026-09-17 16:42:55,happy
2026-09-17 16:42:56,happy
2026-09-17 16:42:56,happy
2026-09-17 16:42:57,happy
2026-09-17 16:42:58,happy
2026-09-17 16:42:58,happy
2026-09-17 16:42:59,happy
2026-09-17 16:42:59,happy
2026-09-17 16:43:00,neutral
2026-09-17 16:43:00,neutral
2026-09-17 16:43:01,happy
2026-09-17 16:43:01,surprise
2026-09-17 16:43:02,neutral
2026-09-17 16:43:03,neutral
2026-09-17 16:43:03,neutral
2026-09-17 16:43:04,neutral
2026-09-17 16:43:04,neutral
2026-09-17 16:43:05,neutral
2026-09-17 16:43:06,neutral
2026-09-17 16:43:06,neutral
2026-09-17 16:43:07,neutral
2026-09-17 16:43:08,neutral
2026-09-17 16:43:08,neutral
2026-09-17 16:43:09,neutral
2026-09-17 16:43:09,neutral
2026-09-17 16:43:10,neutral
2026-09-17 16:43:11,neutral
2026-09-17 16:43:11,neutral
2026-09-17 16:43:12,neutral
2026-09-17 16:43:12,neutral
2026-09-17 16:43:13,neutral
2026-09-17 16:43:13,neutral
2026-09-17 16:43:14,neutral
2026-09-17 16:43:14,neutral
2026-09-17 16:43:15,neutral
2026-09-17 16:43:16,neutral
2026-09-17 16:43:16,neutral
2026-09-17 16:43:17,neutral
2026-09-17 16:43:17,surprise
2026-09-17 16:43:18,angry
2026-09-17 16:43:19,fear
2026-09-17 16:43:20,surprise
2026-09-17 16:43:20,surprise
2026-09-17 16:43:21,angry
2026-09-17 16:43:22,surprise
2026-09-17 16:43:22,surprise
2026-09-17 16:43:23,surprise
2026-09-17 16:43:24,surprise
2026-09-17 16:43:24,happy
2026-09-17 16:43:25,surprise
2026-09-17 16:43:26,surprise
2026-09-17 16:43:27,happy
2026-09-17 16:43:27,neutral
2026-09-17 16:43:28,happy
2026-09-17 16:43:29,fear
2026-09-17 16:43:29,angry
2026-09-17 16:43:29,happy
2026-09-17 16:43:30,fear
2026-09-17 16:43:30,fear
2026-09-17 16:43:31,fear
2026-09-17 16:43:32,fear
2026-09-17 16:43:33,fear
2026-09-17 16:43:33,fear
2026-09-17 16:43:34,fear
2026-09-17 16:43:35,fear
2026-09-17 16:43:35,fear
2026-09-17 16:43:36,neutral
2026-09-17 16:43:37,fear
2026-09-17 16:43:37,happy
2026-09-17 16:43:38,fear
2026-09-17 16:43:39,happy
2026-09-17 16:43:40,fear
2026-09-17 16:43:40,happy
2026-09-17 16:43:41,happy
2026-09-17 16:43:42,happy
2026-09-17 16:43:42,neutral
2026-09-17 16:43:43,sad
2026-09-17 16:43:43,neutral
2026-09-17 16:43:44,neutral
2026-09-17 16:43:44,neutral
2026-09-17 16:43:45,neutral
2026-09-17 16:43:45,neutral
2026-09-17 16:43:46,neutral
2026-09-17 16:43:46,neutral
2026-09-17 16:43:47,neutral
2026-09-17 16:43:47,neutral
2026-09-17 16:43:48,neutral
2026-09-17 16:43:48,neutral
2026-09-17 16:43:49,surprise
2026-09-17 16:43:49,neutral
2026-09-17 16:43:50,surprise
2026-09-17 16:43:51,fear
2026-09-17 16:43:52,fear
2026-09-17 16:43:52,surprise
2026-09-17 16:43:53,surprise
2026-09-17 16:43:54,surprise
2026-09-17 16:43:54,surprise
2026-09-17 16:43:55,neutral
2026-09-17 16:43:56,fear
2026-09-17 16:43:57,fear
2026-09-17 16:43:57,fear
2026-09-17 16:43:58,neutral
2026-09-17 16:43:59,surprise
2026-09-17 16:43:59,fear
2026-09-17 16:44:00,fear
2026-09-17 16:44:00,neutral
2026-09-17 16:44:01,fear
2026-09-17 16:44:01,fear
2026-09-17 16:44:02,fear
2026-09-17 16:44:03,neutral
2026-09-17 16:44:04,fear
2026-09-17 16:44:04,fear
2026-09-17 16:44:05,fear
2026-09-17 16:44:06,fear
2026-09-17 16:44:07,fear
2026-09-17 16:44:07,fear
2026-09-17 16:44:08,fear
2026-09-17 16:44:09,surprise
2026-09-17 16:44:09,fear
2026-09-17 16:44:10,fear
2026-09-17 16:44:11,fear
2026-09-17 16:44:12,surprise
2026-09-17 16:44:12,fear
2026-09-17 16:44:13,fear
2026-09-17 16:44:14,surprise
2026-09-17 16:44:14,surprise
2026-09-17 16:44:15,surprise
2026-09-17 16:44:15,surprise
2026-09-17 16:44:31,neutral
2026-09-17 16:44:31,fear
2026-09-17 16:44:32,fear
2026-09-17 16:44:32,fear
2026-09-17 16:44:33,fear
2026-09-17 16:44:34,fear
2026-09-17 16:44:34,fear
2026-09-17 16:44:35,fear
2026-09-17 16:44:36,fear
2026-09-17 16:44:37,fear
2026-09-17 16:44:37,fear
2026-09-17 16:44:38,fear
2026-09-17 16:44:39,fear
2026-09-17 16:44:40,fear
2026-09-17 16:44:40,fear
2026-09-17 16:44:41,surprise
2026-09-17 16:44:42,sad
2026-09-17 16:44:42,fear
2026-09-17 16:44:43,fear
2026-09-17 16:44:44,fear
2026-09-17 16:44:45,neutral
2026-09-17 16:44:45,happy
2026-09-17 16:44:46,happy
2026-09-17 16:44:47,happy
2026-09-17 16:44:48,happy
2026-09-17 16:44:48,fear
2026-09-17 16:44:49,neutral
2026-09-17 16:44:50,neutral
2026-09-17 16:44:50,fear
2026-09-17 16:44:51,happy
2026-09-17 16:44:52,fear
2026-09-17 16:44:53,fear
2026-09-17 16:44:53,fear
2026-09-17 16:44:54,fear
2026-09-17 16:44:55,fear
2026-09-17 16:44:55,fear
2026-09-17 16:44:56,fear
2026-09-17 16:44:57,fear
2026-09-17 16:44:58,fear
2026-09-17 16:44:58,fear
2026-09-17 16:44:59,neutral
2026-09-17 16:45:00,fear
2026-09-17 16:45:00,fear
2026-09-17 16:45:01,fear
2026-09-17 16:45:02,fear
2026-09-17 16:45:02,fear
2026-09-17 16:45:03,happy
2026-09-17 16:45:04,fear
2026-09-17 16:45:05,happy
2026-09-17 16:45:05,fear
2026-09-17 16:45:06,fear
2026-09-17 16:45:07,fear
2026-09-17 16:45:07,fear
2026-09-17 16:45:08,fear
2026-09-17 16:50:44,fear
2026-09-17 16:50:44,neutral
2026-09-17 16:50:45,neutral
2026-09-17 16:50:45,neutral
2026-09-17 16:50:46,surprise
2026-09-17 16:50:47,fear
2026-09-17 16:50:47,surprise
2026-09-17 16:50:48,surprise
2026-09-17 16:50:49,surprise
2026-09-17 16:50:49,surprise
2026-09-17 16:50:50,fear
2026-09-17 16:50:51,sad
2026-09-17 16:50:51,fear
2026-09-17 16:50:52,happy
2026-09-17 16:50:53,happy
2026-09-17 16:50:53,neutral
2026-09-17 16:50:54,happy
2026-09-17 16:50:54,happy
2026-09-17 16:50:55,happy
2026-09-17 16:50:56,happy
2026-09-17 16:50:56,happy
2026-09-17 16:50:57,happy
2026-09-17 16:50:58,happy
2026-09-17 16:50:59,happy
2026-09-17 16:50:59,happy
2026-09-17 16:51:00,happy
2026-09-17 16:51:01,fear
2026-09-17 16:51:01,happy
2026-09-17 16:51:02,happy
2026-09-17 16:51:03,happy
2026-09-17 16:51:03,neutral
2026-09-17 16:51:04,sad
2026-09-17 16:51:05,neutral
2026-09-17 16:51:05,happy
2026-09-17 16:51:06,happy
2026-09-17 16:51:07,fear
2026-09-17 16:51:07,fear
2026-09-17 16:51:08,fear
2026-09-17 16:51:09,happy
2026-09-17 16:51:09,happy
2026-09-17 16:51:10,happy
2026-09-17 16:51:11,neutral
2026-09-17 16:51:12,fear
2026-09-17 16:51:12,happy
2026-09-17 16:51:13,happy
2026-09-17 16:51:14,happy
2026-09-17 16:51:14,happy
2026-09-17 16:51:15,happy
2026-09-17 16:51:15,neutral
2026-09-17 16:51:16,neutral
2026-09-17 16:51:16,neutral
2026-09-17 16:51:17,neutral
2026-09-17 16:51:17,sad
2026-09-17 16:51:18,fear
2026-09-17 16:51:18,fear
2026-09-17 16:51:19,surprise
2026-09-17 16:51:19,surprise
2026-09-17 16:51:20,neutral
2026-09-17 16:51:20,neutral
2026-09-17 16:51:21,fear
2026-09-17 16:51:21,neutral
2026-09-17 16:51:22,surprise
2026-09-17 16:51:22,neutral
2026-09-17 16:51:23,neutral
2026-09-17 16:51:23,neutral
2026-09-17 16:51:24,fear
2026-09-17 16:51:24,surprise
2026-09-17 16:51:25,fear
2026-09-17 16:51:25,sad
2026-09-17 16:51:26,neutral
2026-09-17 16:51:26,happy
2026-09-17 16:51:27,neutral
2026-09-17 16:51:27,fear
2026-09-17 16:51:28,happy
2026-09-17 16:51:28,happy
2026-09-17 16:51:29,neutral
2026-09-17 16:51:29,neutral
2026-09-17 16:51:30,neutral
2026-09-17 16:51:30,fear
2026-09-17 16:51:31,fear
2026-09-17 16:51:31,happy
2026-09-17 16:51:32,neutral
2026-09-17 16:51:33,surprise
2026-09-17 16:51:33,surprise
2026-09-17 16:51:34,surprise
2026-09-17 16:51:35,fear
2026-09-17 16:51:36,fear
2026-09-17 16:51:36,neutral
2026-09-17 16:51:37,surprise
2026-09-17 16:51:37,neutral
2026-09-17 16:51:38,angry
2026-09-17 16:51:38,surprise
2026-09-17 16:51:39,neutral
2026-09-17 16:51:39,neutral
2026-09-17 16:51:40,neutral
2026-09-17 16:51:40,neutral
2026-09-17 16:51:41,neutral
2026-09-17 16:51:41,neutral
2026-09-17 16:51:42,neutral
2026-09-17 16:51:42,fear
2026-09-17 16:51:42,neutral
2026-09-17 16:51:43,neutral
2026-09-17 16:51:43,neutral
2026-09-17 16:51:44,neutral
2026-09-17 16:51:44,neutral
2026-09-17 16:51:45,neutral
2026-09-17 16:51:45,neutral
2026-09-17 16:51:46,neutral
2026-09-17 16:51:46,neutral
2026-09-17 16:51:47,neutral
2026-09-17 16:51:47,neutral
2026-09-17 16:51:48,neutral
2026-09-17 16:51:48,neutral
2026-09-17 16:51:49,neutral
2026-09-17 16:51:49,neutral
2026-09-17 16:51:50,neutral
2026-09-17 16:51:50,angry
2026-09-17 16:51:51,surprise
2026-09-17 16:51:51,neutral
2026-09-17 16:51:52,angry
2026-09-17 16:51:52,neutral
2026-09-17 16:51:53,angry
2026-09-17 16:51:53,angry
2026-09-17 16:51:54,neutral
2026-09-17 16:51:54,angry
2026-09-17 16:51:55,angry
2026-09-17 16:51:55,neutral
2026-09-17 16:51:56,angry
2026-09-17 16:51:56,neutral
2026-09-17 16:51:57,surprise
2026-09-17 16:51:57,angry
2026-09-17 16:51:58,neutral
2026-09-17 16:51:58,surprise
2026-09-17 16:51:59,neutral
2026-09-17 16:51:59,angry
2026-09-17 16:52:00,surprise
2026-09-17 16:52:00,sad
2026-09-17 16:52:01,surprise
2026-09-17 16:52:01,neutral
2026-09-17 16:52:02,neutral
2026-09-17 16:52:02,neutral
2026-09-17 16:52:03,neutral
2026-09-17 16:52:03,surprise
2026-09-17 16:52:04,surprise
2026-09-17 16:52:04,neutral
2026-09-17 16:52:05,sad
2026-09-17 16:52:05,neutral
2026-09-17 16:52:06,neutral
2026-09-17 16:52:07,neutral
2026-09-17 16:52:07,fear
2026-09-17 16:52:07,happy
2026-09-17 16:52:08,happy
2026-09-17 16:52:08,happy
2026-09-17 16:52:09,happy
2026-09-17 16:52:10,happy
2026-09-17 16:52:10,angry
2026-09-17 16:52:11,happy
2026-09-17 16:52:12,happy
2026-09-17 16:52:13,happy
2026-09-17 16:52:13,angry
2026-09-17 16:52:14,fear
2026-09-17 16:52:15,neutral
2026-09-17 16:55:34,fear
2026-09-17 16:55:34,happy
2026-09-17 16:55:35,neutral
2026-09-17 16:55:36,sad
2026-09-17 16:55:36,happy
2026-09-17 16:55:37,sad
2026-09-17 16:55:38,happy
2026-09-17 16:55:38,happy
2026-09-17 16:55:39,fear
2026-09-17 16:55:40,fear
2026-09-17 16:55:40,neutral
2026-09-17 16:55:41,fear
2026-09-17 16:55:41,sad
2026-09-17 16:55:42,fear
2026-09-17 16:55:43,happy
2026-09-17 16:55:43,fear
2026-09-17 16:55:44,fear
2026-09-17 16:55:45,fear
2026-09-17 16:55:45,fear
2026-09-17 16:55:46,fear
2026-09-17 16:55:47,fear
2026-09-17 16:55:47,fear
2026-09-17 16:55:48,fear
2026-09-17 16:55:49,fear
2026-09-17 16:55:49,fear
2026-09-17 16:55:50,fear
2026-09-17 16:55:51,fear
2026-09-17 16:55:51,fear
2026-09-17 16:55:52,fear
2026-09-17 16:55:53,happy
2026-09-17 16:55:53,happy
2026-09-17 16:55:54,sad
2026-09-17 16:55:55,happy
2026-09-17 16:55:55,happy
2026-09-17 16:55:56,happy
2026-09-17 16:55:56,fear
2026-09-17 16:55:57,happy
2026-09-17 16:55:57,fear
2026-09-17 16:55:58,fear
2026-09-17 16:55:59,fear
2026-09-17 16:55:59,surprise
2026-09-17 16:56:00,neutral
2026-09-17 16:56:01,neutral
2026-09-17 16:56:01,fear
2026-09-17 16:56:02,neutral
2026-09-17 16:56:03,neutral
2026-09-17 16:56:03,fear
2026-09-17 16:56:04,fear
2026-09-17 16:56:05,fear
2026-09-17 16:56:05,fear
2026-09-17 16:56:06,fear
2026-09-17 16:56:06,fear
2026-09-17 16:56:07,angry
2026-09-17 16:56:08,surprise
2026-09-17 16:56:08,fear
2026-09-17 16:56:09,fear
2026-09-17 16:56:10,fear
2026-09-17 16:56:10,fear
2026-09-17 16:56:11,surprise
2026-09-17 16:56:12,fear
2026-09-17 16:56:12,fear
2026-09-17 16:56:13,fear
2026-09-17 16:56:13,neutral
2026-09-17 16:56:14,neutral
2026-09-17 16:56:14,neutral
2026-09-17 16:56:15,surprise
2026-09-17 16:56:15,fear
2026-09-17 16:56:16,surprise
2026-09-17 16:56:16,surprise
2026-09-17 16:56:17,surprise
2026-09-17 16:56:17,surprise
2026-09-17 16:56:18,fear
2026-09-17 16:56:18,neutral
2026-09-17 16:56:19,fear
2026-09-17 16:56:19,neutral
2026-09-17 16:56:20,surprise
2026-09-17 16:56:20,neutral
2026-09-17 16:56:21,angry
2026-09-17 16:56:21,surprise
2026-09-17 16:56:22,neutral
2026-09-17 16:56:22,angry
2026-09-17 16:56:23,neutral
2026-09-17 16:56:23,surprise
2026-09-17 16:56:24,surprise
2026-09-17 16:56:24,neutral
2026-09-17 16:56:25,surprise
2026-09-17 16:56:25,neutral
2026-09-17 16:56:26,angry
2026-09-17 16:56:26,surprise
2026-09-17 16:56:27,neutral
2026-09-17 16:56:27,angry
2026-09-17 16:56:28,surprise
2026-09-17 16:56:28,surprise
2026-09-17 16:56:29,angry
2026-09-17 16:56:29,neutral
2026-09-17 16:56:30,neutral
2026-09-17 16:56:30,neutral
2026-09-17 16:56:31,neutral
2026-09-17 16:56:31,neutral
2026-09-17 16:56:32,neutral
2026-09-17 16:56:32,neutral
2026-09-17 16:56:33,neutral
2026-09-17 16:56:33,angry
2026-09-17 16:56:34,neutral
2026-09-17 16:56:34,fear
2026-09-17 16:56:35,neutral
2026-09-17 16:56:35,surprise
2026-09-17 16:56:36,neutral
2026-09-17 16:56:36,neutral
2026-09-17 16:56:37,surprise
2026-09-17 16:56:37,surprise
2026-09-17 16:56:38,neutral
2026-09-17 16:56:38,neutral
2026-09-17 16:56:39,surprise
2026-09-17 16:56:39,surprise
2026-09-17 16:56:40,surprise
2026-09-17 16:56:40,fear
2026-09-17 16:56:41,neutral
2026-09-17 16:56:41,neutral
2026-09-17 16:56:42,neutral
2026-09-17 16:56:42,neutral
2026-09-17 16:56:43,neutral
2026-09-17 16:56:43,neutral
2026-09-17 16:56:44,neutral
2026-09-17 16:56:44,neutral
2026-09-17 16:56:45,angry
2026-09-17 16:56:45,neutral
2026-09-17 16:56:46,neutral
2026-09-17 16:56:46,neutral
2026-09-17 16:56:47,neutral
2026-09-17 16:56:47,neutral
2026-09-17 16:56:48,neutral
2026-09-17 16:56:48,neutral
2026-09-17 16:56:49,neutral
2026-09-17 16:56:49,neutral
2026-09-17 16:56:50,surprise
2026-09-17 16:56:50,neutral
2026-09-17 16:56:51,fear
2026-09-17 16:56:51,fear
2026-09-17 16:56:52,fear
2026-09-17 16:56:52,fear
2026-09-17 16:56:53,fear
2026-09-17 16:56:53,happy
2026-09-17 16:56:54,neutral
2026-09-17 16:56:54,happy
2026-09-17 16:56:55,surprise
2026-09-17 16:56:55,fear
2026-09-17 16:56:56,surprise
2026-09-17 16:56:56,fear
2026-09-17 16:56:57,surprise
2026-09-17 16:56:57,fear
2026-09-17 16:56:58,angry
2026-09-17 16:56:58,sad
2026-09-17 16:56:59,surprise
2026-09-17 16:56:59,neutral
2026-09-17 16:57:00,neutral
2026-09-17 16:57:01,neutral
2026-09-17 16:57:01,neutral
2026-09-17 16:57:02,neutral
2026-09-17 16:57:03,angry
2026-09-17 16:57:03,happy
2026-09-17 16:57:04,fear
2026-09-17 16:57:05,neutral
2026-09-17 16:57:06,fear
2026-09-17 16:57:06,fear
2026-09-17 16:57:07,fear
2026-09-17 16:57:08,fear
2026-09-17 16:57:09,neutral
2026-09-17 16:57:09,neutral
2026-09-17 16:57:10,fear
2026-09-17 16:57:11,neutral
2026-09-17 16:57:12,sad
2026-09-17 16:57:12,neutral
2026-09-17 16:57:13,neutral
2026-09-17 16:57:14,fear
2026-09-17 16:57:14,fear
2026-09-17 16:57:15,surprise
2026-09-17 16:57:16,fear
2026-09-17 16:57:17,fear
2026-09-17 16:57:17,fear
2026-09-17 16:57:18,surprise
2026-09-17 16:57:19,neutral
2026-09-17 16:57:19,fear
2026-09-17 16:57:20,surprise
2026-09-17 16:57:21,neutral
2026-09-17 16:57:22,neutral
2026-09-17 16:57:22,neutral
2026-09-17 16:57:23,neutral
2026-09-17 16:57:23,neutral
2026-09-17 16:57:24,neutral
2026-09-17 16:57:25,neutral
2026-09-17 16:57:26,neutral
2026-09-17 16:57:26,neutral
2026-09-17 16:57:27,neutral
2026-09-17 16:57:28,neutral
2026-09-17 16:57:28,happy
2026-09-17 16:57:29,happy
2026-09-17 16:57:30,neutral
2026-09-17 16:57:30,neutral
2026-09-17 16:57:31,fear
2026-09-17 16:57:32,neutral
2026-09-17 16:57:32,happy
2026-09-17 16:57:33,fear
2026-09-17 16:57:33,fear
2026-09-17 16:57:34,angry
2026-09-17 16:57:34,happy
2026-09-17 16:57:35,angry
2026-09-17 16:57:35,happy
2026-09-17 16:57:36,happy
2026-09-17 16:57:36,happy
2026-09-17 16:57:37,happy
2026-09-17 16:57:37,happy
2026-09-17 16:57:38,happy
2026-09-17 16:57:38,happy
2026-09-17 16:57:39,neutral
2026-09-17 16:57:40,neutral
2026-09-17 16:57:40,fear
2026-09-17 16:57:41,happy
2026-09-17 16:57:41,fear
2026-09-17 16:57:42,fear
2026-09-17 16:57:43,fear
2026-09-17 16:57:43,neutral
2026-09-17 16:57:44,fear
2026-09-17 16:57:45,fear
2026-09-17 16:57:45,surprise
2026-09-17 16:57:46,fear
2026-09-17 16:57:47,fear
2026-09-17 16:57:48,fear
2026-09-17 16:57:48,fear
2026-09-17 16:57:49,fear
2026-09-17 16:57:50,fear
2026-09-17 16:57:50,fear
2026-09-17 16:57:51,fear
2026-09-17 16:57:52,fear
2026-09-17 16:57:53,fear
2026-09-17 16:57:53,surprise
2026-09-17 16:57:54,neutral
2026-09-17 16:57:54,happy
2026-09-17 16:57:55,happy
2026-09-17 16:57:56,angry
2026-09-17 16:57:56,happy
2026-09-17 16:57:57,happy
2026-09-17 16:57:57,happy
2026-09-17 16:57:58,angry
2026-09-17 16:57:58,happy
2026-09-17 16:57:59,angry
2026-09-17 16:57:59,angry
2026-09-17 16:58:00,angry
2026-09-17 16:58:00,angry
2026-09-17 16:58:01,angry
2026-09-17 16:58:01,happy
2026-09-17 16:58:02,happy
2026-09-17 16:58:02,angry
2026-09-17 16:58:03,angry
2026-09-17 16:58:03,angry
2026-09-17 16:58:04,angry
2026-09-17 16:58:04,angry
2026-09-17 16:58:05,angry
2026-09-17 16:58:05,angry
2026-09-17 16:58:06,angry
2026-09-17 16:58:06,angry
2026-09-17 16:58:07,angry
2026-09-17 16:58:07,angry
2026-09-17 16:58:08,angry
2026-09-17 16:58:08,angry
2026-09-17 16:58:09,angry
2026-09-17 16:58:09,angry
2026-09-17 16:58:10,angry
2026-09-17 16:58:10,angry
2026-09-17 16:58:11,angry
2026-09-17 16:58:11,angry
2026-09-17 16:58:12,angry
2026-09-17 16:58:12,angry
2026-09-17 16:58:13,angry
2026-09-17 16:58:13,angry
2026-09-17 16:58:14,angry
2026-09-17 16:58:14,angry
2026-09-17 16:58:15,angry
2026-09-17 16:58:16,neutral
2026-09-17 16:58:16,happy
2026-09-17 16:58:17,neutral
2026-09-17 16:58:18,neutral
2026-09-17 16:58:18,happy
2026-09-17 16:58:19,happy
