timestamp,gesture
2026-09-17 16:18:00,Thumbs up
2026-09-17 16:18:00,4 ngon tay
2026-09-17 16:18:00,4 ngon tay
2026-09-17 16:18:01,4 ngon tay
2026-09-17 16:18:01,4 ngon tay
2026-09-17 16:18:02,4 ngon tay
2026-09-17 16:18:02,4 ngon tay
2026-09-17 16:18:02,4 ngon tay
2026-09-17 16:18:02,4 ngon tay
2026-09-17 16:18:03,Thumbs up
2026-09-17 16:18:03,Thumbs up
2026-09-17 16:18:03,4 ngon tay
2026-09-17 16:18:03,4 ngon tay
2026-09-17 16:18:04,Thumbs up
2026-09-17 16:18:04,4 ngon tay
2026-09-17 16:18:05,Thumbs up
2026-09-17 16:18:06,Thumbs up
2026-09-17 16:18:06,Thumbs up
2026-09-17 16:18:07,Xoe tay
2026-09-17 16:18:08,4 ngon tay
2026-09-17 16:18:08,Thumbs up
2026-09-17 16:18:09,Thumbs up
2026-09-17 16:18:10,2 ngon tay
2026-09-17 16:18:10,Thumbs up
2026-09-17 16:18:11,Thumbs up
2026-09-17 16:18:11,Thumbs up
2026-09-17 16:18:11,4 ngon tay
2026-09-17 16:18:11,4 ngon tay
2026-09-17 16:18:12,Thumbs up
2026-09-17 16:18:12,Thumbs up
2026-09-17 16:18:13,4 ngon tay
2026-09-17 16:18:13,4 ngon tay
2026-09-17 16:18:13,4 ngon tay
2026-09-17 16:18:13,4 ngon tay
2026-09-17 16:18:14,4 ngon tay
2026-09-17 16:18:14,4 ngon tay
2026-09-17 16:18:14,Thumbs up
2026-09-17 16:18:14,Thumbs up
2026-09-17 16:18:15,4 ngon tay
2026-09-17 16:18:15,1 ngon tay
2026-09-17 16:18:15,4 ngon tay
2026-09-17 16:18:15,1 ngon tay
2026-09-17 16:18:16,2 ngon tay
2026-09-17 16:18:16,Nam tay
2026-09-17 16:18:17,3 ngon tay
2026-09-17 16:18:17,Nam tay
2026-09-17 16:18:17,Nam tay
2026-09-17 16:18:18,Nam tay
2026-09-17 16:18:18,Nam tay
2026-09-17 16:18:18,Nam tay
2026-09-17 16:18:18,Nam tay
2026-09-17 16:18:19,4 ngon tay
2026-09-17 16:18:19,4 ngon tay
2026-09-17 16:18:20,4 ngon tay
2026-09-17 16:18:20,4 ngon tay
2026-09-17 16:18:20,4 ngon tay
2026-09-17 16:18:20,4 ngon tay
2026-09-17 16:18:21,3 ngon tay
2026-09-17 16:18:23,Thumbs up
2026-09-17 16:18:23,Thumbs up
2026-09-17 16:18:24,4 ngon tay
2026-09-17 16:18:24,4 ngon tay
2026-09-17 16:18:25,4 ngon tay
2026-09-17 16:18:25,4 ngon tay
2026-09-17 16:18:25,4 ngon tay
2026-09-17 16:18:25,4 ngon tay
2026-09-17 16:18:26,4 ngon tay
2026-09-17 16:18:26,4 ngon tay
2026-09-17 16:18:26,4 ngon tay
2026-09-17 16:18:26,4 ngon tay
2026-09-17 16:18:27,4 ngon tay
2026-09-17 16:18:27,4 ngon tay
2026-09-17 16:18:27,Nam tay
2026-09-17 16:18:27,Thumbs up
2026-09-17 16:18:28,4 ngon tay
2026-09-17 16:18:28,4 ngon tay
2026-09-17 16:18:29,Nam tay
2026-09-17 16:18:29,Nam tay
2026-09-17 16:18:29,4 ngon tay
2026-09-17 16:18:30,1 ngon tay
2026-09-17 16:18:30,3 ngon tay
2026-09-17 16:18:31,4 ngon tay
2026-09-17 16:18:31,4 ngon tay
2026-09-17 16:18:31,4 ngon tay
2026-09-17 16:18:31,4 ngon tay
2026-09-17 16:18:32,4 ngon tay
2026-09-17 16:18:32,Thumbs up
2026-09-17 16:18:33,2 ngon tay
2026-09-17 16:18:33,1 ngon tay
2026-09-17 16:18:33,2 ngon tay
2026-09-17 16:18:33,1 ngon tay
2026-09-17 16:18:34,1 ngon tay
2026-09-17 16:18:34,1 ngon tay
2026-09-17 16:18:34,1 ngon tay
2026-09-17 16:18:34,2 ngon tay
2026-09-17 16:18:35,2 ngon tay
2026-09-17 16:18:35,1 ngon tay
2026-09-17 16:18:35,2 ngon tay
2026-09-17 16:18:35,1 ngon tay
2026-09-17 16:18:36,1 ngon tay
2026-09-17 16:18:36,1 ngon tay
2026-09-17 16:18:36,1 ngon tay
2026-09-17 16:18:37,1 ngon tay
2026-09-17 16:18:37,1 ngon tay
2026-09-17 16:18:38,1 ngon tay
2026-09-17 16:18:38,1 ngon tay
2026-09-17 16:18:38,1 ngon tay
2026-09-17 16:18:38,1 ngon tay
2026-09-17 16:18:39,Thumbs up
2026-09-17 16:18:39,Thumbs up
2026-09-17 16:18:39,Nam tay
2026-09-17 16:18:39,Nam tay
2026-09-17 16:18:40,4 ngon tay
2026-09-17 16:18:40,4 ngon tay
2026-09-17 16:18:41,Thumbs up
2026-09-17 16:18:41,Thumbs up
2026-09-17 16:18:41,Thumbs up
2026-09-17 16:18:41,Thumbs up
2026-09-17 16:18:42,1 ngon tay
2026-09-17 16:18:42,Thumbs up
2026-09-17 16:18:42,1 ngon tay
2026-09-17 16:18:42,Thumbs up
2026-09-17 16:18:43,1 ngon tay
2026-09-17 16:18:43,2 ngon tay
2026-09-17 16:18:43,2 ngon tay
2026-09-17 16:18:43,2 ngon tay
2026-09-17 16:18:44,3 ngon tay
2026-09-17 16:18:44,3 ngon tay
2026-09-17 16:18:44,3 ngon tay
2026-09-17 16:18:44,4 ngon tay
2026-09-17 16:18:45,4 ngon tay
2026-09-17 16:18:45,4 ngon tay
2026-09-17 16:18:46,4 ngon tay
2026-09-17 16:18:46,Xoe tay
2026-09-17 16:18:46,1 ngon tay
2026-09-17 16:18:46,2 ngon tay
2026-09-17 16:18:47,Nam tay
2026-09-17 16:18:47,Nam tay
2026-09-17 16:18:48,Nam tay
2026-09-17 16:18:49,Nam tay
2026-09-17 16:18:49,Nam tay
2026-09-17 16:18:50,Nam tay
2026-09-17 16:18:50,Nam tay
2026-09-17 16:18:52,Nam tay
2026-09-17 16:18:52,4 ngon tay
2026-09-17 16:18:53,4 ngon tay
2026-09-17 16:18:54,4 ngon tay
2026-09-17 16:18:54,4 ngon tay
2026-09-17 16:18:55,4 ngon tay
2026-09-17 16:18:56,4 ngon tay
2026-09-17 16:18:57,3 ngon tay
2026-09-17 16:18:57,2 ngon tay
2026-09-17 16:18:58,2 ngon tay
2026-09-17 16:18:59,2 ngon tay
2026-09-17 16:18:59,3 ngon tay
2026-09-17 16:19:00,Thumbs up
2026-09-17 16:19:01,3 ngon tay
2026-09-17 16:19:01,3 ngon tay
2026-09-17 16:19:02,3 ngon tay
2026-09-17 16:19:03,3 ngon tay
2026-09-17 16:19:03,3 ngon tay
2026-09-17 16:19:04,3 ngon tay
2026-09-17 16:19:04,3 ngon tay
2026-09-17 16:19:05,Nam tay
2026-09-17 16:19:06,Nam tay
2026-09-17 16:19:06,3 ngon tay
2026-09-17 16:19:07,Xoe tay
2026-09-17 16:19:07,Xoe tay
2026-09-17 16:19:07,Xoe tay
2026-09-17 16:19:07,Xoe tay
2026-09-17 16:19:08,3 ngon tay
2026-09-17 16:19:08,4 ngon tay
2026-09-17 16:19:08,4 ngon tay
2026-09-17 16:19:08,4 ngon tay
2026-09-17 16:19:09,Xoe tay
2026-09-17 16:19:09,Xoe tay
2026-09-17 16:19:09,4 ngon tay
2026-09-17 16:19:09,Xoe tay
2026-09-17 16:19:10,4 ngon tay
2026-09-17 16:19:10,Xoe tay
2026-09-17 16:19:11,Xoe tay
2026-09-17 16:19:11,Xoe tay
2026-09-17 16:19:11,Xoe tay
2026-09-17 16:19:11,Xoe tay
2026-09-17 16:19:12,4 ngon tay
2026-09-17 16:19:12,4 ngon tay
2026-09-17 16:19:12,4 ngon tay
2026-09-17 16:19:12,4 ngon tay
2026-09-17 16:19:13,4 ngon tay
2026-09-17 16:19:13,Xoe tay
2026-09-17 16:19:13,4 ngon tay
2026-09-17 16:19:13,2 ngon tay
2026-09-17 16:19:14,4 ngon tay
2026-09-17 16:19:14,2 ngon tay
2026-09-17 16:19:14,4 ngon tay
2026-09-17 16:19:14,2 ngon tay
2026-09-17 16:19:15,4 ngon tay
2026-09-17 16:19:15,2 ngon tay
2026-09-17 16:19:15,4 ngon tay
2026-09-17 16:19:15,1 ngon tay
2026-09-17 16:19:16,Nam tay
2026-09-17 16:19:17,Nam tay
2026-09-17 16:19:18,Nam tay
2026-09-17 16:19:18,4 ngon tay
2026-09-17 16:19:19,Nam tay
2026-09-17 16:25:17,4 ngon tay
2026-09-17 16:25:17,4 ngon tay
2026-09-17 16:25:17,Thumbs up
2026-09-17 16:25:17,4 ngon tay
2026-09-17 16:25:18,1 ngon tay
2026-09-17 16:25:18,1 ngon tay
2026-09-17 16:25:18,1 ngon tay
2026-09-17 16:25:18,2 ngon tay
2026-09-17 16:25:19,Nam tay
2026-09-17 16:25:19,Nam tay
2026-09-17 16:25:20,3 ngon tay
2026-09-17 16:25:20,3 ngon tay
2026-09-17 16:25:20,3 ngon tay
2026-09-17 16:25:20,3 ngon tay
2026-09-17 16:25:21,3 ngon tay
2026-09-17 16:25:21,3 ngon tay
2026-09-17 16:25:21,3 ngon tay
2026-09-17 16:25:21,3 ngon tay
2026-09-17 16:25:22,4 ngon tay
2026-09-17 16:25:22,4 ngon tay
2026-09-17 16:25:22,4 ngon tay
2026-09-17 16:25:22,4 ngon tay
2026-09-17 16:25:23,4 ngon tay
2026-09-17 16:25:23,4 ngon tay
2026-09-17 16:25:23,4 ngon tay
2026-09-17 16:25:23,4 ngon tay
2026-09-17 16:25:24,Xoe tay
2026-09-17 16:25:24,Xoe tay
2026-09-17 16:25:24,Xoe tay
2026-09-17 16:25:24,Xoe tay
2026-09-17 16:25:25,Xoe tay
2026-09-17 16:25:25,Xoe tay
2026-09-17 16:25:25,Xoe tay
2026-09-17 16:25:25,Xoe tay
2026-09-17 16:25:26,4 ngon tay
2026-09-17 16:25:26,1 ngon tay
2026-09-17 16:25:26,4 ngon tay
2026-09-17 16:25:26,1 ngon tay
2026-09-17 16:25:27,3 ngon tay
2026-09-17 16:25:27,Nam tay
2026-09-17 16:25:27,3 ngon tay
2026-09-17 16:25:27,3 ngon tay
2026-09-17 16:25:28,3 ngon tay
2026-09-17 16:25:28,3 ngon tay
2026-09-17 16:25:28,3 ngon tay
2026-09-17 16:25:28,3 ngon tay
2026-09-17 16:25:29,2 ngon tay
2026-09-17 16:25:29,Nam tay
2026-09-17 16:25:29,2 ngon tay
2026-09-17 16:25:29,Nam tay
2026-09-17 16:25:30,Nam tay
2026-09-17 16:25:30,Nam tay
2026-09-17 16:25:30,Nam tay
2026-09-17 16:25:30,Nam tay
2026-09-17 16:25:31,Nam tay
2026-09-17 16:25:31,Thumbs up
2026-09-17 16:25:31,Nam tay
2026-09-17 16:25:31,Thumbs up
2026-09-17 16:25:32,Nam tay
2026-09-17 16:25:32,Thumbs up
2026-09-17 16:25:32,Nam tay
2026-09-17 16:25:32,Thumbs up
2026-09-17 16:25:33,Nam tay
2026-09-17 16:25:33,Thumbs up
2026-09-17 16:25:33,Nam tay
2026-09-17 16:25:33,Thumbs up
2026-09-17 16:25:34,Nam tay
2026-09-17 16:25:34,Thumbs up
2026-09-17 16:25:34,Nam tay
2026-09-17 16:25:34,Nam tay
2026-09-17 16:25:35,1 ngon tay
2026-09-17 16:25:35,1 ngon tay
2026-09-17 16:25:36,Nam tay
2026-09-17 16:25:36,Thumbs up
2026-09-17 16:25:36,Nam tay
2026-09-17 16:25:36,Nam tay
2026-09-17 16:25:39,1 ngon tay
2026-09-17 16:25:39,1 ngon tay
2026-09-17 16:25:39,4 ngon tay
2026-09-17 16:25:39,1 ngon tay
2026-09-17 16:25:40,4 ngon tay
2026-09-17 16:25:40,1 ngon tay
2026-09-17 16:25:40,4 ngon tay
2026-09-17 16:25:40,4 ngon tay
2026-09-17 16:25:41,4 ngon tay
2026-09-17 16:25:41,4 ngon tay
2026-09-17 16:25:41,1 ngon tay
2026-09-17 16:25:42,Nam tay
2026-09-17 16:25:42,Nam tay
2026-09-17 16:25:43,Thumbs up
2026-09-17 16:25:44,Thumbs up
2026-09-17 16:25:44,Thumbs up
2026-09-17 16:25:45,Thumbs up
2026-09-17 16:32:26,Nam tay
2026-09-17 16:32:26,Nam tay
2026-09-17 16:32:28,Thumbs up
2026-09-17 16:32:28,Nam tay
2026-09-17 16:32:29,Nam tay
2026-09-17 16:32:29,1 ngon tay
2026-09-17 16:32:29,4 ngon tay
2026-09-17 16:32:29,4 ngon tay
2026-09-17 16:32:30,4 ngon tay
2026-09-17 16:32:30,4 ngon tay
2026-09-17 16:32:31,4 ngon tay
2026-09-17 16:32:31,4 ngon tay
2026-09-17 16:32:31,4 ngon tay
2026-09-17 16:32:31,3 ngon tay
2026-09-17 16:32:32,4 ngon tay
2026-09-17 16:32:32,Nam tay
2026-09-17 16:32:33,4 ngon tay
2026-09-17 16:32:33,Nam tay
2026-09-17 16:32:33,4 ngon tay
2026-09-17 16:32:33,Nam tay
2026-09-17 16:32:34,4 ngon tay
2026-09-17 16:32:34,Nam tay
2026-09-17 16:32:35,4 ngon tay
2026-09-17 16:32:35,Nam tay
2026-09-17 16:32:35,4 ngon tay
2026-09-17 16:32:35,4 ngon tay
2026-09-17 16:32:36,3 ngon tay
2026-09-17 16:32:36,3 ngon tay
2026-09-17 16:32:36,3 ngon tay
2026-09-17 16:32:36,3 ngon tay
2026-09-17 16:32:37,4 ngon tay
2026-09-17 16:32:37,4 ngon tay
2026-09-17 16:32:38,4 ngon tay
2026-09-17 16:32:38,4 ngon tay
2026-09-17 16:32:38,4 ngon tay
2026-09-17 16:32:38,4 ngon tay
2026-09-17 16:32:39,4 ngon tay
2026-09-17 16:32:39,4 ngon tay
2026-09-17 16:32:40,4 ngon tay
2026-09-17 16:32:40,4 ngon tay
2026-09-17 16:32:40,4 ngon tay
2026-09-17 16:32:40,4 ngon tay
2026-09-17 16:32:41,4 ngon tay
2026-09-17 16:32:41,4 ngon tay
2026-09-17 16:32:42,4 ngon tay
2026-09-17 16:32:42,4 ngon tay
2026-09-17 16:32:42,4 ngon tay
2026-09-17 16:32:42,4 ngon tay
2026-09-17 16:32:43,4 ngon tay
2026-09-17 16:32:43,4 ngon tay
2026-09-17 16:32:44,1 ngon tay
2026-09-17 16:32:44,1 ngon tay
2026-09-17 16:32:44,2 ngon tay
2026-09-17 16:32:44,4 ngon tay
2026-09-17 16:32:45,4 ngon tay
2026-09-17 16:32:45,4 ngon tay
2026-09-17 16:32:46,3 ngon tay
2026-09-17 16:32:46,3 ngon tay
2026-09-17 16:32:46,3 ngon tay
2026-09-17 16:32:46,4 ngon tay
2026-09-17 16:32:47,3 ngon tay
2026-09-17 16:32:47,4 ngon tay
2026-09-17 16:32:48,3 ngon tay
2026-09-17 16:32:48,3 ngon tay
2026-09-17 16:32:48,4 ngon tay
2026-09-17 16:32:48,4 ngon tay
2026-09-17 16:32:49,3 ngon tay
2026-09-17 16:32:49,3 ngon tay
2026-09-17 16:32:49,4 ngon tay
2026-09-17 16:32:49,4 ngon tay
2026-09-17 16:32:50,4 ngon tay
2026-09-17 16:32:50,4 ngon tay
2026-09-17 16:32:51,4 ngon tay
2026-09-17 16:32:51,4 ngon tay
2026-09-17 16:32:51,4 ngon tay
2026-09-17 16:32:51,4 ngon tay
2026-09-17 16:32:52,4 ngon tay
2026-09-17 16:32:52,4 ngon tay
2026-09-17 16:32:53,4 ngon tay
2026-09-17 16:32:53,3 ngon tay
2026-09-17 16:32:53,2 ngon tay
2026-09-17 16:32:53,4 ngon tay
2026-09-17 16:32:54,1 ngon tay
2026-09-17 16:32:54,1 ngon tay
2026-09-17 16:32:55,1 ngon tay
2026-09-17 16:32:55,1 ngon tay
2026-09-17 16:32:55,1 ngon tay
2026-09-17 16:32:55,1 ngon tay
2026-09-17 16:32:56,1 ngon tay
2026-09-17 16:32:56,1 ngon tay
2026-09-17 16:32:56,1 ngon tay
2026-09-17 16:32:56,Nam tay
2026-09-17 16:32:57,1 ngon tay
2026-09-17 16:32:57,Nam tay
2026-09-17 16:32:58,1 ngon tay
2026-09-17 16:32:58,Nam tay
2026-09-17 16:32:58,1 ngon tay
2026-09-17 16:32:58,1 ngon tay
2026-09-17 16:32:59,2 ngon tay
2026-09-17 16:32:59,2 ngon tay
2026-09-17 16:33:00,3 ngon tay
2026-09-17 16:33:00,4 ngon tay
2026-09-17 16:33:00,2 ngon tay
2026-09-17 16:33:00,4 ngon tay
2026-09-17 16:33:01,4 ngon tay
2026-09-17 16:33:01,4 ngon tay
2026-09-17 16:33:02,4 ngon tay
2026-09-17 16:33:02,2 ngon tay
2026-09-17 16:33:02,4 ngon tay
2026-09-17 16:33:02,3 ngon tay
2026-09-17 16:33:03,1 ngon tay
2026-09-17 16:33:03,1 ngon tay
2026-09-17 16:33:04,3 ngon tay
2026-09-17 16:33:04,4 ngon tay
2026-09-17 16:33:04,4 ngon tay
2026-09-17 16:33:04,4 ngon tay
2026-09-17 16:33:05,4 ngon tay
2026-09-17 16:33:05,4 ngon tay
2026-09-17 16:33:06,4 ngon tay
2026-09-17 16:33:06,4 ngon tay
2026-09-17 16:33:06,4 ngon tay
2026-09-17 16:33:06,Xoe tay
2026-09-17 16:33:07,4 ngon tay
2026-09-17 16:33:07,4 ngon tay
2026-09-17 16:33:08,4 ngon tay
2026-09-17 16:33:08,4 ngon tay
2026-09-17 16:33:08,4 ngon tay
2026-09-17 16:33:08,4 ngon tay
2026-09-17 16:33:09,4 ngon tay
2026-09-17 16:33:09,4 ngon tay
2026-09-17 16:33:09,4 ngon tay
2026-09-17 16:33:09,4 ngon tay
2026-09-17 16:33:10,4 ngon tay
2026-09-17 16:33:10,4 ngon tay
2026-09-17 16:33:11,4 ngon tay
2026-09-17 16:33:11,4 ngon tay
2026-09-17 16:33:11,4 ngon tay
2026-09-17 16:33:11,4 ngon tay
2026-09-17 16:33:12,4 ngon tay
2026-09-17 16:33:12,4 ngon tay
2026-09-17 16:33:13,4 ngon tay
2026-09-17 16:33:13,4 ngon tay
2026-09-17 16:33:13,Nam tay
2026-09-17 16:33:13,Nam tay
2026-09-17 16:33:14,Nam tay
2026-09-17 16:33:14,1 ngon tay
2026-09-17 16:33:15,3 ngon tay
2026-09-17 16:33:15,3 ngon tay
2026-09-17 16:33:15,3 ngon tay
2026-09-17 16:33:15,3 ngon tay
2026-09-17 16:33:16,3 ngon tay
2026-09-17 16:33:16,3 ngon tay
2026-09-17 16:33:17,4 ngon tay
2026-09-17 16:33:17,4 ngon tay
2026-09-17 16:33:17,4 ngon tay
2026-09-17 16:33:17,4 ngon tay
2026-09-17 16:33:18,4 ngon tay
2026-09-17 16:33:18,4 ngon tay
2026-09-17 16:33:19,3 ngon tay
2026-09-17 16:33:19,3 ngon tay
2026-09-17 16:33:19,3 ngon tay
2026-09-17 16:33:19,3 ngon tay
2026-09-17 16:33:20,4 ngon tay
2026-09-17 16:33:20,3 ngon tay
2026-09-17 16:33:21,4 ngon tay
2026-09-17 16:33:21,4 ngon tay
2026-09-17 16:33:21,4 ngon tay
2026-09-17 16:33:21,4 ngon tay
2026-09-17 16:33:22,2 ngon tay
2026-09-17 16:33:22,4 ngon tay
2026-09-17 16:33:25,4 ngon tay
2026-09-17 16:33:25,4 ngon tay
2026-09-17 16:33:25,4 ngon tay
2026-09-17 16:33:25,2 ngon tay
2026-09-17 16:33:26,Nam tay
2026-09-17 16:33:26,Nam tay
2026-09-17 16:33:27,Nam tay
2026-09-17 16:33:28,2 ngon tay
2026-09-17 16:33:28,Thumbs up
2026-09-17 16:33:30,1 ngon tay
2026-09-17 16:33:30,Nam tay
2026-09-17 16:33:31,1 ngon tay
2026-09-17 16:33:32,1 ngon tay
2026-09-17 16:33:32,2 ngon tay
2026-09-17 16:33:33,4 ngon tay
2026-09-17 16:33:33,4 ngon tay
2026-09-17 16:33:34,Nam tay
2026-09-17 16:33:34,Thumbs up
2026-09-17 16:33:34,1 ngon tay
2026-09-17 16:33:35,1 ngon tay
2026-09-17 16:33:35,Thumbs up
2026-09-17 16:33:35,4 ngon tay
2026-09-17 16:33:36,4 ngon tay
2026-09-17 16:33:37,4 ngon tay
2026-09-17 16:33:37,4 ngon tay
2026-09-17 16:33:37,4 ngon tay
2026-09-17 16:33:37,4 ngon tay
2026-09-17 16:33:38,4 ngon tay
2026-09-17 16:33:38,4 ngon tay
2026-09-17 16:33:39,4 ngon tay
2026-09-17 16:33:39,4 ngon tay
2026-09-17 16:33:39,4 ngon tay
2026-09-17 16:33:39,4 ngon tay
2026-09-17 16:33:40,Nam tay
2026-09-17 16:33:40,Thumbs up
2026-09-17 16:33:41,4 ngon tay
2026-09-17 16:33:41,4 ngon tay
2026-09-17 16:33:41,4 ngon tay
2026-09-17 16:33:41,4 ngon tay
2026-09-17 16:33:42,4 ngon tay
2026-09-17 16:33:42,4 ngon tay
2026-09-17 16:33:43,4 ngon tay
2026-09-17 16:33:43,4 ngon tay
2026-09-17 16:33:43,4 ngon tay
2026-09-17 16:33:43,4 ngon tay
2026-09-17 16:33:44,3 ngon tay
2026-09-17 16:33:44,3 ngon tay
2026-09-17 16:33:45,4 ngon tay
2026-09-17 16:33:45,3 ngon tay
2026-09-17 16:33:45,4 ngon tay
2026-09-17 16:33:45,3 ngon tay
2026-09-17 16:33:46,3 ngon tay
2026-09-17 16:33:46,4 ngon tay
2026-09-17 16:33:47,4 ngon tay
2026-09-17 16:33:47,4 ngon tay
2026-09-17 16:33:47,4 ngon tay
2026-09-17 16:33:47,4 ngon tay
2026-09-17 16:33:48,4 ngon tay
2026-09-17 16:33:48,4 ngon tay
2026-09-17 16:33:49,4 ngon tay
2026-09-17 16:33:49,4 ngon tay
2026-09-17 16:33:49,3 ngon tay
2026-09-17 16:33:49,1 ngon tay
2026-09-17 16:33:50,1 ngon tay
2026-09-17 16:33:50,1 ngon tay
2026-09-17 16:33:50,1 ngon tay
2026-09-17 16:33:50,1 ngon tay
2026-09-17 16:33:51,1 ngon tay
2026-09-17 16:33:51,1 ngon tay
2026-09-17 16:33:52,1 ngon tay
2026-09-17 16:33:52,1 ngon tay
2026-09-17 16:33:52,1 ngon tay
2026-09-17 16:33:52,1 ngon tay
2026-09-17 16:33:53,1 ngon tay
2026-09-17 16:33:53,1 ngon tay
2026-09-17 16:33:54,1 ngon tay
2026-09-17 16:33:54,1 ngon tay
2026-09-17 16:33:54,1 ngon tay
2026-09-17 16:33:54,1 ngon tay
2026-09-17 16:33:55,1 ngon tay
2026-09-17 16:33:55,1 ngon tay
2026-09-17 16:33:56,1 ngon tay
2026-09-17 16:33:56,1 ngon tay
2026-09-17 16:33:56,4 ngon tay
2026-09-17 16:33:56,2 ngon tay
2026-09-17 16:33:57,4 ngon tay
2026-09-17 16:33:57,4 ngon tay
2026-09-17 16:33:58,4 ngon tay
2026-09-17 16:33:58,4 ngon tay
2026-09-17 16:33:58,4 ngon tay
2026-09-17 16:33:58,4 ngon tay
2026-09-17 16:33:59,4 ngon tay
2026-09-17 16:33:59,4 ngon tay
2026-09-17 16:34:00,4 ngon tay
2026-09-17 16:34:00,4 ngon tay
2026-09-17 16:34:00,3 ngon tay
2026-09-17 16:34:00,3 ngon tay
2026-09-17 16:34:01,4 ngon tay
2026-09-17 16:34:01,4 ngon tay
2026-09-17 16:34:01,4 ngon tay
2026-09-17 16:34:01,4 ngon tay
2026-09-17 16:34:02,4 ngon tay
2026-09-17 16:34:02,4 ngon tay
2026-09-17 16:34:03,4 ngon tay
2026-09-17 16:34:03,4 ngon tay
2026-09-17 16:34:03,Nam tay
2026-09-17 16:34:03,Nam tay
2026-09-17 16:34:04,4 ngon tay
2026-09-17 16:34:04,4 ngon tay
2026-09-17 16:34:04,4 ngon tay
2026-09-17 16:34:04,4 ngon tay
2026-09-17 16:34:05,4 ngon tay
2026-09-17 16:34:05,4 ngon tay
2026-09-17 16:34:06,4 ngon tay
2026-09-17 16:34:06,4 ngon tay
2026-09-17 16:34:06,4 ngon tay
2026-09-17 16:34:06,4 ngon tay
2026-09-17 16:34:07,Nam tay
2026-09-17 16:34:08,Nam tay
2026-09-17 16:34:08,1 ngon tay
2026-09-17 16:34:09,1 ngon tay
2026-09-17 16:34:10,1 ngon tay
2026-09-17 16:34:10,Nam tay
2026-09-17 16:34:11,2 ngon tay
2026-09-17 16:34:11,Nam tay
2026-09-17 16:34:11,Nam tay
2026-09-17 16:34:12,4 ngon tay
2026-09-17 16:34:12,4 ngon tay
2026-09-17 16:34:13,4 ngon tay
2026-09-17 16:34:13,4 ngon tay
2026-09-17 16:34:14,4 ngon tay
2026-09-17 16:34:14,4 ngon tay
2026-09-17 16:34:14,4 ngon tay
2026-09-17 16:34:14,4 ngon tay
2026-09-17 16:34:15,1 ngon tay
2026-09-17 16:34:15,Nam tay
2026-09-17 16:34:15,Nam tay
2026-09-17 16:34:15,Nam tay
2026-09-17 16:34:16,3 ngon tay
2026-09-17 16:34:16,3 ngon tay
2026-09-17 16:34:17,3 ngon tay
2026-09-17 16:34:17,3 ngon tay
2026-09-17 16:34:17,3 ngon tay
2026-09-17 16:34:17,Nam tay
2026-09-17 16:34:18,4 ngon tay
2026-09-17 16:34:18,Nam tay
2026-09-17 16:34:22,4 ngon tay
2026-09-17 16:34:22,2 ngon tay
2026-09-17 16:34:23,2 ngon tay
2026-09-17 16:34:24,2 ngon tay
